HUFL,HULL,MUFL,MULL,LUFL,LULL,OT
1.0,0.2524433686620099,0.4808415081999704,0.30197604578725334,0.2697498101845865,0.18851261819060836,0.38607691248714665
0.25244336866200984,1.0,0.30177569824288575,0.31625440992892173,0.1537938448599247,0.11819147817416228,0.2639638202090475
0.4808415081999704,0.30177569824288575,1.0,0.36069356189071267,0.3119844030861123,0.23042023397943887,0.440350067369462
0.30197604578725334,0.31625440992892173,0.36069356189071267,1.0,0.19491211829218572,0.1358297446309375,0.31984871279860216
0.2697498101845865,0.1537938448599247,0.31198440308611225,0.19491211829218572,1.0,0.1632565604916014,0.2765445948071034
0.18851261819060836,0.11819147817416228,0.23042023397943887,0.1358297446309375,0.1632565604916014,1.0,0.20316972335533925
0.38607691248714654,0.2639638202090476,0.4403500673694619,0.31984871279860216,0.2765445948071034,0.2031697233553393,0.9999999999999999
